wallet,score,last_seen_ts,last_seen_utc,is_whale,blue_txs,beluga_txs,whale_score,notes
DkerLKRu2fT8pG5H5gQwcHGoLnMYXnEnGaCx5KpjtNdX,-50,1768953619,2026-01-21T00:00:19,0,0,0,0.0,
FwbAAiaYxUUd4MtKWJCypqKj9zqAL1aUkBBM3FkZB2Ei,-50,1768921908,2026-01-20T15:11:48,0,0,0,0.0,
aurorvBSZTq3SCQ5Nm6S3qEy6YFrnJiRhd78YvUfayW,-50,1768302523,2026-01-13T11:08:43,0,0,0,0.0,
piz2ezdqs73nAP5xxDAWxzvuABiQEhnsUR533LZGyzo,-50,1768588691,2026-01-16T18:38:11,0,0,0,0.0,
BATZ3C8N3av1mkoCv42o8oYi1s8rXBcJLnDXd9vUehsP,-50,1768887061,2026-01-20T05:31:01,0,0,0,0.0,
3PpgE1PkUoftrPkZ5TcYzqaVHJs27baJsd4WathmNkuP,-50,1768863137,2026-01-19T22:52:17,0,0,0,0.0,
9DvkaKjzhtX72S1ruUFR6JKR24MYq1MKFFsP4UmmD2NR,-50,1768896694,2026-01-20T08:11:34,0,0,0,0.0,
DG14pvnNMdFY2XYbq1H61hs3EVnmoSmBWxFoYFUwsQM3,-50,1768632670,2026-01-17T06:51:10,0,0,0,0.0,
CDiPYPTAfvKnULPt6BXPGHz7EMakx9YAMgpo3RF6y1L4,-50,1767537736,2026-01-04T14:42:16,0,0,0,0.0,
S5mwFy5NdMtp5Qn4QwAU6YUCwVJGBg3KndHzR9dusjN,-50,1767562813,2026-01-04T21:40:13,0,0,0,0.0,
5JgpZKwwvwu5TwwEdrMu18CdRNZ3hpP11if2gac9mbut,-50,1767508798,2026-01-04T06:39:58,0,0,0,0.0,
2fJzgAFxqxMibGta2pKnAHTLDewdrFgDVKC52svaUUM1,-50,1767531388,2026-01-04T12:56:28,0,0,0,0.0,
6vLfrkbQQDPs3HzYcx4JoA3GeHKvvyidf6vzL5MfKzKG,-50,1767534294,2026-01-04T13:44:54,0,0,0,0.0,
AGqjivJr1dSv73TVUvdtqAwogzmThzvYMVXjGWg2FYLm,-50,1767508052,2026-01-04T06:27:32,0,0,0,0.0,
5iybPVPcpawH3QenFcMfD6xWQnydsx9fBA9cv5gvyz8y,-50,1767562503,2026-01-04T21:35:03,0,0,0,0.0,
5jdq2LfsEkqSKEjDxrkWBpnHNDcezcLcireRo8Yro4P1,-50,1767562612,2026-01-04T21:36:52,0,0,0,0.0,
3DyLkrQLKgtMwv5LtvFjPgKYhwt1VWLuy1g67HTKWQAv,-50,1767561951,2026-01-04T21:25:51,0,0,0,0.0,
6M9ghP4uwSTFPcFLj6YbsMZVgtbwSgasVh6LiehVweSR,-50,1767562950,2026-01-04T21:42:30,0,0,0,0.0,
CywUjHgN91ovBzPgKdXeXUfL4gaFBJdpJ5ojk6iGbNnp,-50,1767523409,2026-01-04T10:43:29,0,0,0,0.0,
EvNownZPfj5Y91SR4CxVAPHf5Zv8yjHHzxEGXM9CasWH,-50,1767531566,2026-01-04T12:59:26,0,0,0,0.0,
D4ki5hVvjvuMmHyjX62rzzzkAfQycShwUKtQFouFbkCE,-52,1768952959,2026-01-20T23:49:19,0,0,0,0.0,
BMpNTGxhzHK4aMPc7DeauyWQwMtnzGok2E2MU8otjZW3,-52,1768939537,2026-01-20T20:05:37,0,0,0,0.0,
GM7AejBXcvXXqwQsfJ7q1eLZozFBhE2KxkgxQbWNa4s8,-52,1768921908,2026-01-20T15:11:48,0,0,0,0.0,
Bqd1wwxhuh36ZM8oMMvSreHGsVisex146dWig4oEiqsX,-52,1768306260,2026-01-13T12:11:00,0,0,0,0.0,
BBeft5QozTYdDPagToAjvcvCwBXXjzehxqs24BtCLMRD,-52,1768653015,2026-01-17T12:30:15,0,0,0,0.0,
E3nNKRVrmP483Jhg4Nq9kYTHY2DX5TK9kiud9sugnuBD,-52,1768379876,2026-01-14T08:37:56,0,0,0,0.0,
ETWJqJRCs3vgWeyPjT1EQchLPrN88dh2azA1oCncarqQ,-52,1768645273,2026-01-17T10:21:13,0,0,0,0.0,
Aom8vGad61ydinKFxioryNQf3LwfDUngLmB6pCza94ZZ,-52,1768920581,2026-01-20T14:49:41,0,0,0,0.0,
2ZU24biCaZnjgTU8LgCBzbW9WGARFfRKeMYApPMRta3S,-52,1767505885,2026-01-04T05:51:25,0,0,0,0.0,
ErAJCcFVPYAD6zy2j4rEHjLLSNrXj3QeTBYvzttLSRNd,-52,1767545034,2026-01-04T16:43:54,0,0,0,0.0,
8D8YYBUUWjYmZVyt5FBMSSuqoBKxSKrwi7rnH242tupB,-52,1767536199,2026-01-04T14:16:39,0,0,0,0.0,
6jgXmyd2N5x6JQ5MFjBf3Z219piV7ZfG4GdkyiDGfs3T,-52,1767536722,2026-01-04T14:25:22,0,0,0,0.0,
EpjJpsaeBtURzNkhfMkvv7NW42DjoQjupeVT4RTUwnHo,-52,1767504168,2026-01-04T05:22:48,0,0,0,0.0,
12aGKyMdKcgZC6H5yMz5uWPN7HZVQWYGyha9E72dSMjC,-52,1767536722,2026-01-04T14:25:22,0,0,0,0.0,
AuMkEfTg78Zynt8kenyjYuQr2yCRkPEiY6AVMfLVfHgJ,-52,1767536722,2026-01-04T14:25:22,0,0,0,0.0,
8cXUDBuCq8F9BMsn4oq5MABFWs96zbGN9YHNWJmH22mU,-52,1767508052,2026-01-04T06:27:32,0,0,0,0.0,
41XdAcACsigXzCPAq6GuLdKV2eCHqZ8YPFZUjPDim11F,-52,1767538732,2026-01-04T14:58:52,0,0,0,0.0,
5C8nT8ToAdaJ64mNwdMBTjCwV3kFkUqA2fDbaKZzVNiy,-52,1767536722,2026-01-04T14:25:22,0,0,0,0.0,
ANpgcuEwzVoWfLSAKeDshBaPpPsyDeRvFKHFKep5sj4L,-52,1767536722,2026-01-04T14:25:22,0,0,0,0.0,
7qFXkvDNxKDnQ2frimeBVruh4RtyGsd2zCcUbR5CK9U5,-53,1768305046,2026-01-13T11:50:46,0,0,0,0.0,
EyfWMBYrP5whmYVUhEstn7kbfH3rauMrj3HMCodfduQC,-53,1768306511,2026-01-13T12:15:11,0,0,0,0.0,
AT4F9btJzMkdWPFRP7UWEeEXLVkMVbxkbcbpuxVvKj6p,-54,1768391326,2026-01-14T11:48:46,0,0,0,0.0,
4YoayiPMcVN5gNzjADdpoHSWwjXKS7fxwwETLmoqTzmm,-54,1768836690,2026-01-19T15:31:30,0,0,0,0.0,
7ttyeJ5795HsD479mqHa4F9Y5RN3Qy6NkowMn8Ni3WvQ,-54,1768506604,2026-01-15T19:50:04,0,0,0,0.0,
AhNDZFzq9WFdWedYtDSu9jpBu3gSmJjkdxXePejb1CdR,-54,1767508798,2026-01-04T06:39:58,0,0,0,0.0,
B2fZeQr31MAGrNpbxvtqRbQG1nEP7MiFRzqXjcDDHqeE,-54,1767563745,2026-01-04T21:55:45,0,0,0,0.0,
Cta7a4FmWFJSE5zZoazwhgBv1U5Q9rGaNkbKKXTqiWht,-54,1767563608,2026-01-04T21:53:28,0,0,0,0.0,
JSPpg9V6yZBBXzwShyihRD57fjJeBHwG3EL2nVRZYT9,-54,1767562943,2026-01-04T21:42:23,0,0,0,0.0,
HhMvrvaR9H92jXF2kagtw4qYKshTTAvoyVT1Eztdor4k,-54,1767505885,2026-01-04T05:51:25,0,0,0,0.0,
3zSrN2BTob4za5dyFZQpZk3r5kFmwU7G3T1dZMkumAZy,-54,1767535916,2026-01-04T14:11:56,0,0,0,0.0,
FN1ekSLqPvCyXVDECe2AB8o1qmjuGsF6tcLdGtXuMAC6,-56,1768093442,2026-01-11T01:04:02,0,0,0,0.0,
CETjE2yiutqfTL7PESVY7wuck6oF6wGTFkJJNTa9jCSW,-56,1768921907,2026-01-20T15:11:47,0,0,0,0.0,
41hMYLrngfUjM5REUF7ULTWoZLxjYo47N6QqE4LVggZR,-56,1768921907,2026-01-20T15:11:47,0,0,0,0.0,
AgNaa6DLja2Nc5KEu3oEJ9Aan7shFFDB96fg6N7unxWS,-56,1768913738,2026-01-20T12:55:38,0,0,0,0.0,
BBPKQwYLyiPjAX2KTFxanR7vxwa7majAF7c7yoaRX8oR,-56,1768886745,2026-01-20T05:25:45,0,0,0,0.0,
AiNfNi2ePcQMVE2jrkbTRvFTXYGi8C2VVneJYNZNaTyb,-56,1768953856,2026-01-21T00:04:16,0,0,0,0.0,
H1hnhTg7z5iAgpdDsEJRHCbYaXUGT9X48M4w2nKdGnjC,-56,1768652996,2026-01-17T12:29:56,0,0,0,0.0,
5CMYJbDrJdGU59S2QrTC1TRRm3NQMXjJyiLZdAiqTnmt,-56,1768379876,2026-01-14T08:37:56,0,0,0,0.0,
8F3oJeRBfqtq1Mwm1trXRtuCkHe4mB9Y7HYrCjBtNiAp,-56,1768379876,2026-01-14T08:37:56,0,0,0,0.0,
Ai4SpPkAJKvczeD5o2cRjmzmVdmJBoRqBFybbUt8KwnT,-56,1768625498,2026-01-17T04:51:38,0,0,0,0.0,
GrZonbvaAJQpLdV7z7AWGxde62okGb2UfGgbb5HaqVea,-56,1767562694,2026-01-04T21:38:14,1,0,1,0.0,
Erw9KmgcQ5gAyeEQmXi1aWD4sLHUfTsbh2pcANThARcC,-56,1767498169,2026-01-04T03:42:49,0,0,0,0.0,
9dMDsXtrXoxqGcnUTv72RHzmATReVRTXEpf5DJNpEoz8,-56,1767534422,2026-01-04T13:47:02,0,0,0,0.0,
4wXgqbsYmgKz2dfEHG4WbSZWEE6DEa4qD6KFb71iwi5P,-56,1767543927,2026-01-04T16:25:27,0,0,0,0.0,
3JZTwYtoUd7WdxwmUkDk83VchqYobD9sTbib72TsoCkn,-56,1767563367,2026-01-04T21:49:27,0,0,0,0.0,
51uNehzsP78fu3PB4kM7afuFFjbxdsQT5PoJcMZaiKXr,-56,1767498266,2026-01-04T03:44:26,0,0,0,0.0,
7zujqoQsFic14ncDYhBSVGvDnqc94rE49c1ZJCHvAtiW,-57,1768938941,2026-01-20T19:55:41,0,0,0,0.0,
5kghCJn8YqJDRCfJMHd1bydJzC6LY8iksqnoxQKetVjB,-58,1768921908,2026-01-20T15:11:48,0,0,0,0.0,
9d9mb8kooFfaD3SctgZtkxQypkshx6ezhbKio89ixyy2,-58,1768926703,2026-01-20T16:31:43,0,0,0,0.0,
9bYuFCvKAcJchHhTPH4m9SKLUoBqG251aRBQV3CdjjFH,-58,1768930279,2026-01-20T17:31:19,0,0,0,0.0,
38AdDopW9PtJaqcnApnyq9gyYZSVg3CXDvEdDZfjo9xS,-58,1767508798,2026-01-04T06:39:58,0,0,0,0.0,
nWP18ZSWqx2jnZU4sPKagTZx8mVPCT1ZWbyhny4diE1,-58,1767536947,2026-01-04T14:29:07,0,0,0,0.0,
FdNY1GefWZv8mfvVr2ycGZCcYJEHBmy9p4Hj9fJCZtX1,-58,1767505630,2026-01-04T05:47:10,0,0,0,0.0,
CMkqsDiUV4XU789V7bhW4ZgSveUSduLRTvmKKwYjBF3S,-58,1767503687,2026-01-04T05:14:47,0,0,0,0.0,
GNr8d4mYvxTSR48JZNPaTqjUB2Wb3Hp7MPpYy11AX8hS,-60,1768653115,2026-01-17T12:31:55,0,0,0,0.0,
7VCkHeXTATGxUj44xxNsN1fwHggBVUvCHtzCBY89QvQu,-60,1767562785,2026-01-04T21:39:45,0,0,0,0.0,
4n4gPrtyTV4tq849ggRAYtojRYevsEGtrtFJDQWnLrXz,-60,1767563545,2026-01-04T21:52:25,0,0,0,0.0,
85xco4bJyX3Wvo2PV5RfVanMfnxDscZ2SGbyTRwRxd1F,-60,1767536714,2026-01-04T14:25:14,1,0,2,0.0,
7hRZLJxwCyw5DaUTq1iuxhXYQXFxSBejVSSFcPZv5jZ5,-60,1767498266,2026-01-04T03:44:26,0,0,0,0.0,
EFvHFXwUMFSDhHAA27RA6hCyVNeikjftH1CfeQpHenTa,-61,1768389473,2026-01-14T11:17:53,0,0,0,0.0,
8BzTPVFHkdFp6f8MaTYH7Q2Cxko5A7MK99Er747Amxss,-61,1768594776,2026-01-16T20:19:36,0,0,0,0.0,
Fgej4SPuW282TdrQRfizRHAeRasNqCtAWZizL3jDqMdS,-62,1768939629,2026-01-20T20:07:09,0,0,0,0.0,
56S29mZ3wqvw8hATuUUFqKhGcSGYFASRRFNT38W8q7G3,-62,1768938223,2026-01-20T19:43:43,0,0,0,0.0,
12VFrc1dFynPzs4HBRdRoMKNm1jca2S2uhaNKCkdffwy,-62,1768938345,2026-01-20T19:45:45,0,0,0,0.0,
C5YkqPGbDaF7HGNAGd1t3j7E87WuqyPcqgpA7SXFEJkq,-62,1768662294,2026-01-17T15:04:54,0,0,0,0.0,
EMrAsWkY2J2PJnScmfahKweRuUVPSKeEtfJCarMrT1Ug,-62,1768522911,2026-01-16T00:21:51,0,0,0,0.0,
5TaWi6bjmAUq8SpjKvWsnXLyihz9YJALKx6renHyyoFN,-62,1767563733,2026-01-04T21:55:33,0,0,0,0.0,
G3S5bjmDQg4YFQMj2pU9fHWCtWtjcx1iDUMeMUBGvxM9,-62,1767562551,2026-01-04T21:35:51,0,0,0,0.0,
37d9nom8ZJEEPU1akzhgRGN128tg96a616L3NcSrvnuh,-62,1767562479,2026-01-04T21:34:39,0,0,0,0.0,
BAd9vUj4yzViPt3BgnbuAsG9GV89J1ohikCznv18DWoc,-62,1767546923,2026-01-04T17:15:23,0,0,0,0.0,
HktfL7iwGKT5QHjywQkcDnZXScoh811k7akrMZJkCcEF,-63,1768938325,2026-01-20T19:45:25,0,0,0,0.0,
FndjqNrxk7KWGsKeJ3U5Sma5mCqPP127ysqoTvPDfuro,-64,1768219306,2026-01-12T12:01:46,0,0,0,0.0,
9uQGgKcYEHyi51T2uPnSyMvsdFdcGuSVxEnS4Tv2iwTJ,-64,1768264993,2026-01-13T00:43:13,0,0,0,0.0,
1xAyDUi8TeA2mKzafA6Y6ifZEZ2pm8W6soHQ8TESrfr,-64,1768886953,2026-01-20T05:29:13,0,0,0,0.0,
EJuAooPuZtQjGCDVV6kJ2vFsKYzpSC3dx89LZ66NETEb,-64,1767563245,2026-01-04T21:47:25,0,0,0,0.0,
9iCQ879GYy5uwxUc3xdYdd7VvpwBviWQztz15iiMNPFw,-64,1767559429,2026-01-04T20:43:49,0,0,0,0.0,
CWryqL8F79bCUPfRMnFHxXpJEyW5TixWe59hEuFXWYnD,-64,1767544929,2026-01-04T16:42:09,0,0,0,0.0,
EXwJLWoUdCM4iZfvXYzvFFnTsbmN4fQwiyBwtXc9H5Cs,-66,1768094504,2026-01-11T01:21:44,0,0,0,0.0,
H4H1quLvxvERLzHK3CNAi5qS4MhE9tHZEoW2oKhk2iDx,-66,1768930695,2026-01-20T17:38:15,0,0,0,0.0,
99GPGFkAEgKpRDuvAxpfwRq4CJ3KkZGaBCfdgQCPcXcj,-66,1768653020,2026-01-17T12:30:20,0,0,0,0.0,
2Lt5vfbmw22zV7TyDu7Bj2n6PNXMtvudsGzA4ZkUzt2s,-66,1768927716,2026-01-20T16:48:36,0,0,0,0.0,
6f7XpfyyeBDMVG6LRpPx822Yt2PFaUbFjtotNsN6Dt42,-66,1767563744,2026-01-04T21:55:44,0,0,0,0.0,
6vwnvshmtr1SWacN62jYQx6p1b1KBkoULn391aJgBEhJ,-66,1767563234,2026-01-04T21:47:14,0,0,0,0.0,
88v5xCnePjDndKVDtDSodPSgLck8t6ZsJNNKB9PVnm1y,-66,1767563628,2026-01-04T21:53:48,0,0,0,0.0,
taqNKsXuVvx4EUmy5u7FxbmVWDbuqL21pjc9gpCcEcK,-68,1768938572,2026-01-20T19:49:32,0,0,0,0.0,
A8wRBwqqUzrsW3kFDRgXsytTNMiC4HdAy9MxSDs1aDbP,-68,1768321211,2026-01-13T16:20:11,0,0,0,0.0,
AB6RyuDbepyWJ3jgsJ1aJaoYKwV5CTF1uk4wEVmdb3Bb,-68,1768380045,2026-01-14T08:40:45,0,0,0,0.0,
FDVatT7SUnbu3dS19VGpL3GaCUfhxdzHGaB8kCnNKZUJ,-68,1767563428,2026-01-04T21:50:28,0,0,0,0.0,
CiSn3oPzEkZUFGvWinDEyd2UHMSrNr29rKtCtgUNmAGL,-68,1767562586,2026-01-04T21:36:26,0,0,0,0.0,
ED83QsiAReqsV3XuNnbYHB3BuLszkV8vMBnhscpoWUBZ,-68,1767535565,2026-01-04T14:06:05,0,0,0,0.0,
JCBZQNFwJcKoCvBTLVjmmgZNEijw7NJQgB9z4BFM6iCS,-70,1767536361,2026-01-04T14:19:21,0,0,0,0.0,
5tNvH6kY55F7paezRTXcfQYeguPk9HciGALqSxv5oLPS,-70,1767507124,2026-01-04T06:12:04,0,0,0,0.0,
4uCT4g7YHH4xxfmfNfKUDenwGrRNGoZ9Ay1XFxfUGhQG,-70,1767563628,2026-01-04T21:53:48,0,0,0,0.0,
AnNPJNe5HAZ33VkhLNTZnsjezsFZFjiRU57Cbied62cC,-71,1768380739,2026-01-14T08:52:19,0,0,0,0.0,
4YpmRskJUj6v5W7JH3a2qPJorSLmdhNaQQ7E6Jj4a62s,-71,1768586696,2026-01-16T18:04:56,0,0,0,0.0,
4CcYMohSa8YKJfHn2UhyR2fVXyt8zoU6xAK63mZ3Lc7y,-72,1768909305,2026-01-20T11:41:45,0,0,0,0.0,
69jaSpS9A1tcK4Uj6XsA4JtBY2YruCZnyg17Q4ftTdYD,-72,1768652996,2026-01-17T12:29:56,0,0,0,0.0,
DS5BQRa4odbWMahYnR9zXciCc8tZaJd629nWXEpXcQzD,-72,1767543360,2026-01-04T16:16:00,0,0,0,0.0,
DKCH2VT4NutJp79quYEU9Z47KrX9fmWcMKyXcGEqPmbD,-72,1767562108,2026-01-04T21:28:28,0,0,0,0.0,
CBcY5EnvswxHfQjLaYUnhkit5LyKSWquwT3wCYCMSm9p,-72,1767563458,2026-01-04T21:50:58,0,0,0,0.0,
GJUqVBfkW6oX3GPPBrbJ18KZq73RnXShK9y7psQaoK97,-72,1767563461,2026-01-04T21:51:01,0,0,0,0.0,
2S8UmQVN66McR1FPMBwwASzfsZu89mRu8yfK3zWzRDxp,-73,1768589811,2026-01-16T18:56:51,0,0,0,0.0,
CXNhEgHbr5xEYAE1VSCBqXHumNn8kLp57xVqCQuNsGXh,-73,1768385858,2026-01-14T10:17:38,0,0,0,0.0,
BXADehGh5UobED4sBgGzzB4BVchedXkcw7TSwfkRZYwp,-73,1768385858,2026-01-14T10:17:38,0,0,0,0.0,
2yDWvaCvebfJGwMAGkPg3Ch6ZoCASUN484FGv7WiHvyk,-73,1768836987,2026-01-19T15:36:27,0,0,0,0.0,
HgA2UXsVciaMvTqijABvPvP6UkbE6WhWB9mtdvcgsBnB,-73,1768836987,2026-01-19T15:36:27,0,0,0,0.0,
6CYodqkMLNRcjGLqx3GxyYwdprguCb6AEYHEkripJsiB,-74,1768171582,2026-01-11T22:46:22,0,0,0,0.0,
9qgCzhzGSbrjcCgyRbhVENgJu1GSjCTEndcnhjN9sjDJ,-74,1768221086,2026-01-12T12:31:26,0,0,0,0.0,
AXmnRBrNtYYyyo82cLBBhnWJ7o1iqNLZbuEVpDB3V666,-76,1768939537,2026-01-20T20:05:37,0,0,0,0.0,
AtfwN9kaUusnGHFXXiPJQKNxBCKeV93UT3agNhAHEnq2,-76,1768921934,2026-01-20T15:12:14,0,0,0,0.0,
BmxK7bhPsfq4p4FTrXkUSKG26JeW2bT32DqqmkHD8rtJ,-76,1768927264,2026-01-20T16:41:04,0,0,0,0.0,
8VwKMBeh1eLPYCphB4Ko3Rs3WcC6gm8pARv3cbvm8dbh,-76,1767562392,2026-01-04T21:33:12,0,0,0,0.0,
3PNhfEG5RLcKBeMDSUNeZRV5UkkNt9JLuwgj4cPbTMyE,-76,1767505252,2026-01-04T05:40:52,0,0,0,0.0,
7xbofPBJwuhFPMNL8nLpiRooT9n5WAWcgAgH2XXqH51T,-76,1767562414,2026-01-04T21:33:34,0,0,0,0.0,
HFtLu9Qy6enFdqVMq7o6vqDiZLeUiMXcX4bkpY1QEfmA,-78,1768645370,2026-01-17T10:22:50,0,0,0,0.0,
5WhKnUwQAdbpCvn2A82bNpayxaG8aejn3ioJvmigGhPo,-78,1767508798,2026-01-04T06:39:58,0,0,0,0.0,
2YqTcTMDFD2vvVHcc8Wd61zwLiWaDZvAKrzXFW1adZ3K,-78,1767523471,2026-01-04T10:44:31,0,0,0,0.0,
Htwx8tYTMGiCbEWHsiYozwChLzzeB33rjAu7djf6XBWD,-78,1767563725,2026-01-04T21:55:25,0,0,0,0.0,
3vgHD7J4Dy8EzAG7QZpbSmeN96hxdSGCmUVhZzpr1Soi,-78,1767543376,2026-01-04T16:16:16,0,0,0,0.0,
7o3eYRT35EBpBd25oYJDmGfCofu2LBgNLwixPXMFFr1L,-80,1767562940,2026-01-04T21:42:20,0,0,0,0.0,
4HWUUqUchzP9jsvHE7R4GF1MUG6eMg99kMPF6UjfUuQh,-80,1767534832,2026-01-04T13:53:52,0,0,0,0.0,
FERjPVNEa7Udq8CEv68h6tPL46Tq7ieE49HrE2wea3XT,-81,1768939408,2026-01-20T20:03:28,0,0,0,0.0,
Aw3TMbZQU1WPwAfsPoBhDUxLT7eW1J1Xur7aEmAH9ag7,-82,1768930695,2026-01-20T17:38:15,0,0,0,0.0,
zmzF1VqVNuovWo8PSpAt8qTJ1UXJtV6oRSoJ2aoWuCK,-82,1767561615,2026-01-04T21:20:15,0,0,0,0.0,
7uyGRgoCRKfynPbB35kWQwEGz9pmRvUyNFunV939mXpN,-82,1767508052,2026-01-04T06:27:32,0,0,0,0.0,
Cm1MDSv1bhjXZHzwGh3dr1Gi2K6AmYvChMwZpTqK49Rv,-82,1767505630,2026-01-04T05:47:10,0,0,0,0.0,
ACudLqbC5JCHyXpohehLCh9fB2w8zY38nou7XnUvzrqM,-84,1768927664,2026-01-20T16:47:44,0,0,0,0.0,
D8na6cgPt5ndncmzZJNyofVMeRnRBnsj5VWjznY4C7yt,-84,1768632444,2026-01-17T06:47:24,0,0,0,0.0,
7dNTnVbc2QyD1rmkyjdcy1L8i6XHVqx2KNZvF6oSHe6J,-84,1768887268,2026-01-20T05:34:28,0,0,0,0.0,
4BK5TwhUyYN7AYANju59HqGtMaKX4Ggi7wSrBdnnhru9,-84,1768930296,2026-01-20T17:31:36,0,0,0,0.0,
suqh5sHtr8HyJ7q8scBimULPkPpA557prMG47xCHQfK,-84,1767562729,2026-01-04T21:38:49,0,0,0,0.0,
GHy4f73LkfTJDr8CvPbvUbhn5jxFdBgyjztDwi1YjKwa,-84,1767563059,2026-01-04T21:44:19,0,0,0,0.0,
9RPzSZg5ndTGBAjrKcCpqVeJ1Qos9yJGYqkMWVxqyCCP,-86,1767562396,2026-01-04T21:33:16,0,0,0,0.0,
4GdA5dAcVbLT5anE4vsz9JxneTGSiZZzR3NwH8RnKKxC,-86,1767545197,2026-01-04T16:46:37,0,0,0,0.0,
D4STqggKEadihWNWuzYZ91ag8n3sGdsMc3oxJtrujDAb,-88,1767561981,2026-01-04T21:26:21,0,0,0,0.0,
2aZdArmuCBN2QCz4FyEeE3DqhBT1MQiKiWoU1UjWXkVk,-88,1767508927,2026-01-04T06:42:07,0,0,0,0.0,
7qvLrGK7iL3LZLgv8EVKgNr3QSahgivkQ6QkCMNh9pWA,-88,1767563538,2026-01-04T21:52:18,0,0,0,0.0,
GBKgFVJRZfdMZgw2xQJf7wc21172qcSnMC2VQA8sYKoS,-88,1767535851,2026-01-04T14:10:51,0,0,0,0.0,
BAr5csYtpWoNpwhUjixX7ZPHXkUciFZzjBp9uNxZXJPh,-90,1768391153,2026-01-14T11:45:53,0,0,0,0.0,
D7xK1ZLz8KQNWN8aU1jbzNAuT5xwqgFrCUUYodVU4G42,-90,1768380649,2026-01-14T08:50:49,0,0,0,0.0,
2MbCGPqJNUWcdkqTLavnejrrgwpdLm4p3KCufg2GTz8d,-90,1768219256,2026-01-12T12:00:56,0,0,0,0.0,
BUjzs1kbtghrydSyxViPjMNQ3AJU131533EE14eXsA1q,-90,1768506349,2026-01-15T19:45:49,0,0,0,0.0,
4BEPP81CCjhLMsVE9LEdJdvxz6ECym7mnj5KwPqFhkrS,-90,1768264244,2026-01-13T00:30:44,0,0,0,0.0,
6Eegkyd2qNzxSzZz3PH3jiDyqL5HFcHdcsb9zfMzWHKB,-90,1768380649,2026-01-14T08:50:49,0,0,0,0.0,
8Kva83CdJWEa5EuACf3xwmnwrq13eTfzqZnKin7f336X,-90,1767535939,2026-01-04T14:12:19,0,0,0,0.0,
Cm6us1ZQr3DEkTyLFjmBJA7vq7Vs6hfieJYq6AhVZPPQ,-91,1768302934,2026-01-13T11:15:34,0,0,0,0.0,
5rFXNEm7A2Nqt3Fg5DDGqcf7JBytkTSGR9JtDpHtmYyY,-92,1768887113,2026-01-20T05:31:53,0,0,0,0.0,
5tsotCtehNwUo6Phy9D34qmoHuKMu7gMJdBLsLzApFM6,-92,1767562644,2026-01-04T21:37:24,0,0,0,0.0,
FPXv1FTtJ5T3rbXJ6KyPWuhsXRmM2quEyCz65ckwu55o,-93,1768223174,2026-01-12T13:06:14,0,0,0,0.0,
DsCJ5siuJTPQtQa3A9N69azGZaWtUPzi9VPp2G9Jfpx9,-94,1768939229,2026-01-20T20:00:29,0,0,0,0.0,
uNPKEuzLY9bkUdRKmg2RCiXHsEUHSrMKXCAE7qjESsn,-94,1768397165,2026-01-14T13:26:05,0,0,0,0.0,
8uCXyaaKsPbNr2LnGZFavBkm2SZ6mDzKFyTsYNfN1uyr,-94,1768938497,2026-01-20T19:48:17,0,0,0,0.0,
FzePZZL3S4UQt7oS854Xo6B8ATyH1MqxcibRuk2Smfw6,-94,1767563719,2026-01-04T21:55:19,0,0,0,0.0,
6tkGUcYBJJ2c1pdtMQayUpEFEpyP3QqY8Lf6pvvpF5Fq,-96,1768325304,2026-01-13T17:28:24,0,0,0,0.0,
6jdief3c9xA49fq7KNq81XQay8WfUx8Gewt6uyhmXYko,-97,1768654116,2026-01-17T12:48:36,0,0,0,0.0,
EtnnXq9FFYrw8QQBD3GFFPvwPGvqAKB4PQQwgAkUqqd4,-98,1768265201,2026-01-13T00:46:41,0,0,0,0.0,
3BTKXMvVVZ4XAkmt31u6Tb1mDC52tVyVNr9yYMtB29Sk,-98,1768374644,2026-01-14T07:10:44,0,0,0,0.0,
GE4q6tCQU6VswpeQaGWAXjWeqb5xNaVekS3cs2SsnjUh,-98,1768374644,2026-01-14T07:10:44,0,0,0,0.0,
7NAd2EpYGGeFofpyvgehSXhH5vg6Ry6VRMW2Y6jiqCu1,-98,1768368737,2026-01-14T05:32:17,0,0,0,0.0,
6SUqkPhixob4rhRknxtFbUMM7NwNk8h5deE2Xryy3QoE,-98,1767563693,2026-01-04T21:54:53,0,0,0,0.0,
9sHpTfmVpCfP2zexRNK6j38NBchMv1RWpdXPK5NEcZan,-99,1768953861,2026-01-21T00:04:21,0,0,0,0.0,
WLHv2UAZm6z4KyaaELi5pjdbJh6RESMva1Rnn8pJVVh,-99,1768953861,2026-01-21T00:04:21,0,0,0,0.0,
56XVRVAsgWv6ADaxzoNnbL38LMoWKM5WiSAhrAWUbd2p,-99,1768953861,2026-01-21T00:04:21,0,0,0,0.0,
7Nz1zLjszd7NHuggkfi49cKLh5Bt6yS74XtMVLMe4qBW,-99,1768302934,2026-01-13T11:15:34,0,0,0,0.0,
2rApRapxyUxaNW7CNVD69eRQfou285FVYddaFCJJb3Ay,-99,1768348726,2026-01-13T23:58:46,0,0,0,0.0,
3fbocR7M7nF5jxwuGzE8o3QF8u9e98AHumqMzM8Sdc62,-100,1768385782,2026-01-14T10:16:22,0,0,0,0.0,
AKooZZ6cRQkbqJ7rHjYiMJH3HXEPLB9UtS5QWGF9xDeD,-100,1767563365,2026-01-04T21:49:25,1,0,1,0.0,
7XXFMKUdWFWnUc97NMzSRCeTtB7b8mSePCfDNEYi7whE,-102,1768887002,2026-01-20T05:30:02,0,0,0,0.0,
E6c2hREwqWeL4yWX1sN1MnPWp8cNJtU9ij6JytxSXGRn,-102,1768887012,2026-01-20T05:30:12,0,0,0,0.0,
DqHmuHLMmMnDohgo9QvTgWDeRrnEw3u8DNyDwbCxdhxq,-102,1768887002,2026-01-20T05:30:02,0,0,0,0.0,
FnhMNVrKu9ErLCqStsyDp4nmeJLqqtipfsZGjRb8VSbm,-102,1768887002,2026-01-20T05:30:02,0,0,0,0.0,
3WSmnK9BcE6TBo3AwcYh8gAq6Jp7eNUbQ573P1PJEypn,-102,1768887002,2026-01-20T05:30:02,0,0,0,0.0,
8g2wumSJirL5D8mPDbvbgA16Q4zmEL7nRiQL6SfnWiMb,-102,1768913097,2026-01-20T12:44:57,0,0,0,0.0,
2Z3uPT8FD8UfKokHSvgFE7JVzbnoV9qsC8UQNbFcvW48,-102,1768913097,2026-01-20T12:44:57,0,0,0,0.0,
9xJfnP5XPNsCfVCaqsJJK8C4JC6kh2R7d66zd1QguYSp,-102,1768314164,2026-01-13T14:22:44,0,0,0,0.0,
2fg5QD1eD7rzNNCsvnhmXFm5hqNgwTTG8p7kQ6f3rx6f,-102,1768368737,2026-01-14T05:32:17,0,0,0,0.0,
FxN3VZ4BosL5urG2yoeQ156JSdmavm9K5fdLxjkPmaMR,-102,1768368737,2026-01-14T05:32:17,0,0,0,0.0,
GAbyg8YpP9m4JNbA6zfrgdnEKWvmH8DCAsjYj4Pxn2Hj,-102,1768645798,2026-01-17T10:29:58,0,0,0,0.0,
9crsPPkSPj6enx8GDANoHZtrXSFURNioJdpieXeKiTRi,-102,1767507479,2026-01-04T06:17:59,0,0,0,0.0,
7rtyqW2yr76Y9iCTvbAzkDdaJU8mbx3ZuzW9sTZ3pV2q,-102,1767523377,2026-01-04T10:42:57,0,0,0,0.0,
Hg3r5ckUNeaXfagByUXoKf69yKm5x3Fxwun9m5abyDAX,-102,1767508052,2026-01-04T06:27:32,0,0,0,0.0,
FQUw1pWrREWJrMLtzEY9cGDChJmq1LYL8Ri9FchpkmUc,-102,1767544777,2026-01-04T16:39:37,0,0,0,0.0,
9anmiHy6TQsoeLdBty2EExZqUYiKYeWSjaRoznRBCu5G,-104,1768937832,2026-01-20T19:37:12,0,0,0,0.0,
BekCncLyZtSbtcBWPmGipeUHq3sHhpzhPik7C6GioR6P,-104,1767508798,2026-01-04T06:39:58,0,0,0,0.0,
F3SJxPR6JDpg9ecqrwxn2jjprQwSLFiVVxwbzueHHvUa,-104,1767563725,2026-01-04T21:55:25,0,0,0,0.0,
6Ri56m499iHpH5jFcPbyucU41dQcMtLLm2WmR7d9FiyP,-106,1768645798,2026-01-17T10:29:58,0,0,0,0.0,
AY6Xz44kYuYcXJmUtFuZrRkotPazcdsU77z14adXxZyc,-106,1767508927,2026-01-04T06:42:07,0,0,0,0.0,
BNsBf7tscte6U3HQyw7XSt84Ycdg2mvzKbWvH6djCvak,-106,1767546985,2026-01-04T17:16:25,0,0,0,0.0,
Hm6Rq5QwS6UzTpfN3aLeuaF5JU9GFiA16JBrGiSMMqME,-108,1768522911,2026-01-16T00:21:51,0,0,0,0.0,
3eWnSvseYyhW5jJTm2MJzV4aNaDCJ6eZTEGFMxuk38Zm,-108,1768592119,2026-01-16T19:35:19,0,0,0,0.0,
4Uk5F6SwVZyU9PXhBDgJBLHUGD5ZoU4Ats1UhaYNmX5f,-108,1768592119,2026-01-16T19:35:19,0,0,0,0.0,
BG7Qx41ojx3GJHZh7N75XQ2vzxUqyfXyi9aXkepKDd4y,-109,1768922225,2026-01-20T15:17:05,0,0,0,0.0,
FwRfhzZLNXVgKUHsPu23B4UcXXV6JvCkC7cGm6X8nSEF,-109,1768922225,2026-01-20T15:17:05,0,0,0,0.0,
GqGXBei9Fgib5mF5j3Gc2tKTpc6Kvp9ymJhZuLkxMasR,-110,1768921361,2026-01-20T15:02:41,0,0,0,0.0,
vFzh3swV815VRzQHrmc9kZJLMHbsormpfDaasDjXQRH,-110,1768662375,2026-01-17T15:06:15,0,0,0,0.0,
44KF9wJq4SakAKfcTbF7zr2wQCrJAEdjTvxU4aGbmX9b,-110,1768652746,2026-01-17T12:25:46,0,0,0,0.0,
5qgs5LnQgyGTsRHawYuTVBM1QeoB5ka7EjAVTveWgFHs,-112,1767559604,2026-01-04T20:46:44,0,0,0,0.0,
2NYXizAU7JmSJwcupqDYkUekby54xk3fcHDahRrfP4Nw,-118,1767546998,2026-01-04T17:16:38,0,0,0,0.0,
25dAHxob5M8h2qSEus44GDzWDgL3n39S68yvogAtz8Gg,-118,1767563545,2026-01-04T21:52:25,0,0,0,0.0,
A4NBzSvC6SbwFfBGFd7MAsHyUDGx9kXxWrQdusQ9tJ6z,-119,1768939408,2026-01-20T20:03:28,0,0,0,0.0,
Fgofwuh71xa1qEwV2q67seQWufKCT98G9DpTqNdJjpCz,-119,1768939408,2026-01-20T20:03:28,0,0,0,0.0,
3U8enF7dbZJjDG2PcuGfG83QE7hDQh5wNjwEAi34j37Y,-119,1768190512,2026-01-12T04:01:52,0,0,0,0.0,
DQGjYnoWHRsoTmUmdj1ird1RYbM5NTJMboXpYXHQq83b,-119,1768359173,2026-01-14T02:52:53,0,0,0,0.0,
6jA8RDcrovVhGeRX9SBaFaEwZfRJMxqwcVB2PwVngAns,-120,1767563667,2026-01-04T21:54:27,0,0,0,0.0,
9YSme3oBg7SKeXG5Fe1fcU48ZsEKwGJwAxEahKhWYWTG,-120,1767507702,2026-01-04T06:21:42,0,0,0,0.0,
BFMMWWjtoYU8T55XnMxtxiRqpBLnwS6wsw4LfkxHhULU,-120,1767562436,2026-01-04T21:33:56,0,0,0,0.0,
DzmJvcyT3XMuVn59ktd84z6k3xtzVyuJZy5sVpguovCm,-122,1768921361,2026-01-20T15:02:41,0,0,0,0.0,
5kV6uqwqsiqHwVDPFSm1iuH9qKJ5nGMPjATbs23mi6qE,-122,1768641073,2026-01-17T09:11:13,0,0,0,0.0,
G95D2EC53xaw1QxYYSA2MWaAFRGk24P9wgoPr4SUDP4F,-124,1768326326,2026-01-13T17:45:26,0,0,0,0.0,
55PB376nxsrBLTZr1UdQSk6M89AxPif6oKmbmZmWq5dr,-126,1768193760,2026-01-12T04:56:00,0,0,0,0.0,
84eSgSqJjP24UWepe8o9JxeLFudWkKdzv3kEv6j1c2EM,-128,1767508798,2026-01-04T06:39:58,0,0,0,0.0,
FireuLYd4yjJBhXQyBs3Mq6ZpNEjyHPNPG2eqhTP9RHV,-129,1768939537,2026-01-20T20:05:37,0,0,0,0.0,
omegoMAe1AMY5MFKQQr3JwXVy8F4eCvmBAfcpo8XAfq,-130,1768938121,2026-01-20T19:42:01,1,0,3,0.0,
5pB5QbDtmMszCUvUzDKCLsxpCqXqMjwtHWWZvmDjfF6q,-130,1768311298,2026-01-13T13:34:58,0,0,0,0.0,
2y3Rs3mRsEqTZSSLdtRioq964Xad5Ui5qtqkAde7wqLZ,-130,1767544023,2026-01-04T16:27:03,0,0,0,0.0,
8XKhq1Ygeznsx54sTHvdjhvLXDM8j2oJeqknd1kRpBjQ,-132,1768953853,2026-01-21T00:04:13,0,0,0,0.0,
FSGfK7JPuzxwvdT5NQGRRXgH3KoHNjtgyUnAe3mzMoVx,-132,1768190880,2026-01-12T04:08:00,0,0,0,0.0,
BUFFKUywSEHLCJHoo9FjgcvqSGDCULpG6ydpetAATRaH,-134,1767563665,2026-01-04T21:54:25,0,0,0,0.0,
DW9ZW3SPWWMJyq58TCYBNMWmPnvbTj9TSA3nQBtqcVwV,-136,1768587624,2026-01-16T18:20:24,0,0,0,0.0,
bLU2KjUYEjLoyM5i6yjzGKcaXBvF6xv6z45e2WmtbEV,-136,1767544629,2026-01-04T16:37:09,0,0,0,0.0,
PEaaf8rJJTaVQKwxNKSw8SYWBMGhnpNAubKJVtHHgbP,-136,1767563634,2026-01-04T21:53:54,0,0,0,0.0,
Dyor4684tSX8w6WAAjCKznGwLphwpFtyPP5f9AZogonZ,-136,1767528467,2026-01-04T12:07:47,0,0,0,0.0,
H26p7tehtfsVCybc81WjkZAHWBw8WGmMXwgpSGdhhsy2,-138,1768390941,2026-01-14T11:42:21,0,0,0,0.0,
5QWukBzFpBgLfC32kK8uBsMWLgkqtpgLvsP9EzuyhbDN,-138,1767563713,2026-01-04T21:55:13,0,0,0,0.0,
6nAszPi4VeYF2dvTKP7nj1G28sbyBC6tbTze6VXV6ChX,-138,1767546879,2026-01-04T17:14:39,0,0,0,0.0,
CDecWULNgNnBRfZnoHnN6MQsvMPqqZoCfvHYgAvu17So,-139,1768898888,2026-01-20T08:48:08,0,0,0,0.0,
XdjqfrHRDB5ydZU8VugPRvRmBAje7oqzJ76rGRZXB3v,-140,1768936573,2026-01-20T19:16:13,0,0,0,0.0,
2Y8QhdP4Zox3mTKiJNpCQiFqUncHDE69LKZnTyvFjeqG,-140,1768936573,2026-01-20T19:16:13,0,0,0,0.0,
7ovu7sqYQGcHwUnLfVfwjCx5VGBCiJmBrsrBv2ab1Ltx,-140,1767563726,2026-01-04T21:55:26,0,0,0,0.0,
GDrTrgNWupsfJTaoADuJf2sFA6Mo4mMA7JS3faEffFgg,-140,1767538842,2026-01-04T15:00:42,0,0,0,0.0,
2FGwum2CieQc8F3q9FxkTnGVqzeQco2gFhAAH6k9MwYQ,-140,1767562738,2026-01-04T21:38:58,0,0,0,0.0,
5mADovdFNoHBnQMqTfazRznGGAETgqX8R5BsFXmvtEim,-142,1768193946,2026-01-12T04:59:06,0,0,0,0.0,
GfytNVUYvWUpXCp11Mhnz5FKqyeTFPcSAKdHkUjfGUGQ,-142,1768193946,2026-01-12T04:59:06,0,0,0,0.0,
BjVtrkaS64i8vSeiuu9e9zcy1zF5CypmhTEU5rp9tvYD,-142,1768306511,2026-01-13T12:15:11,0,0,0,0.0,
A4MGMMQRbHWE72RnzeGSGtG4xt5ou4Cx525pgg44MNV9,-142,1768898771,2026-01-20T08:46:11,0,0,0,0.0,
8TPWakvWw4xQbk7uAYdNjZiDKKHgv9GE5GebzsbtUaHr,-144,1768937832,2026-01-20T19:37:12,0,0,0,0.0,
9pUgbXaDjqDcf3t8HWcfMyTKcUTHaKZCPB2N9QU2aFE7,-146,1768632713,2026-01-17T06:51:53,0,0,0,0.0,
GRdkcyq4dFxzmDQ6xh3rrBfybbdSfjMD97B9rxvps8Jo,-146,1767546971,2026-01-04T17:16:11,0,0,0,0.0,
nya666pQkP3PzWxi7JngU3rRMHuc7zbLK8c8wxQ4qpT,-150,1768887022,2026-01-20T05:30:22,0,0,0,0.0,
wizfdevox8SG82o5B7KCVkJqAaHE8uucKCNidjPJPzD,-150,1768814655,2026-01-19T09:24:15,0,0,0,0.0,
DDDD2zvzaPMLuZiC2Vos2i6TLFjJJ3bi1pN7kXQc3R5R,-150,1768632682,2026-01-17T06:51:22,0,0,0,0.0,
8XY3JNAkR5SqATBxRmQAbteTxphFribBZgHqjXgTRNhD,-152,1768380045,2026-01-14T08:40:45,0,0,0,0.0,
EzzDV7s1XP8JjRTQV9tEvVxB19wBVhmDU2Jbp1ULhJvp,-158,1767561846,2026-01-04T21:24:06,0,0,0,0.0,
FmCT8hkZHzYqbsUjGjmQjUVZZ7kVHeX2osAXSRY3KJnQ,-160,1768937836,2026-01-20T19:37:16,0,0,0,0.0,
3ffu3rp7qiQb7JwDXyESGFfwRsUAviuSpXm3UGDtNi5T,-160,1768590579,2026-01-16T19:09:39,0,0,0,0.0,
Gpb9EZXGBEvURHUJu5sLVUPerduzwafyEu7VjhhdPRS1,-162,1768934293,2026-01-20T18:38:13,1,1,1,0.0,
DK5GxQSjVWjYMRcdaJxcdGthcx1QeJpSixxUBEDqH2tE,-162,1768652634,2026-01-17T12:23:54,0,0,0,0.0,
FZdcn95qZjw7mfNKyNmA5VB2oX9x8bsaatq1PqfZrLCf,-164,1767563496,2026-01-04T21:51:36,0,0,0,0.0,
GkjhfrFBgq8kVaoZMuT89b8nReCTkQLR7gVm5BCzTGxC,-173,1768939537,2026-01-20T20:05:37,0,0,0,0.0,
HQ8hUyUUAYkC73MCut5nqTqqruB7vfrqJLjFfb2Avooe,-176,1768303678,2026-01-13T11:27:58,0,0,0,0.0,
J8sBWY29eJ3GG1jqpBsPyj9zFRk2Ztet2HkN6bCsFRid,-176,1768368913,2026-01-14T05:35:13,0,0,0,0.0,
9hvE4ikinkdzoTtmFuFrZMpSNJEAv4T8GQ7icLssLhc9,-176,1767546926,2026-01-04T17:15:26,0,0,0,0.0,
4WEbzvm5RzSnBB5jWbXoTyRg4RFkkX5XmEf2UxR4LcDR,-178,1768221410,2026-01-12T12:36:50,0,0,0,0.0,
GZmUDsn8W1rtopeTgwVgab9rsRGMLVVMfsXwWKD1VS9p,-178,1767508894,2026-01-04T06:41:34,0,0,0,0.0,
beatXW1PmeVVXxebbyLuc3uKy2Vj8mt6vedBhP9AYXo,-180,1768919799,2026-01-20T14:36:39,0,0,0,0.0,
2sapuxSmfbKAziDJKTwJWtqfZoukBLKX5zeBCVdPDpz7,-188,1768632332,2026-01-17T06:45:32,0,0,0,0.0,
HywgJ3LDT6GmnskKaaRWkKFfVFjFSB2HDPzr4ZyVrrSY,-194,1768589132,2026-01-16T18:45:32,0,0,0,0.0,
2PLMgHtECbH3LExFQT3Cm2gXk97eK7rHYBPkcDW3jQgk,-194,1767545199,2026-01-04T16:46:39,0,0,0,0.0,
5EHBwjsspyF5Lhdr21qmhciihWsn7mw2vthVzfLZGwHR,-198,1768913129,2026-01-20T12:45:29,0,0,0,0.0,
ARUb6Q4STueQ3oksAUGkTYDxF9yUejcSVZ77B4udWYXC,-207,1768930617,2026-01-20T17:36:57,0,0,0,0.0,
2pugaGhFfUCP1W41kfJTMZN4bN4amYQvYcZkcfyXfzpG,-207,1768619525,2026-01-17T03:12:05,0,0,0,0.0,
3EYv1AX1uMippERTAbb89XHv5dqnGmtXn5FMkWqR1pBL,-207,1768930617,2026-01-20T17:36:57,0,0,0,0.0,
9E98xZrQWSwRSe7A2cbU8hdFMG86gPiqW5VhpFN6bSoj,-208,1768645798,2026-01-17T10:29:58,0,0,0,0.0,
AhiPCvUFPdUSv58vYqhwk2dKJKg9PftKEGmSNvJ9qeji,-208,1768645798,2026-01-17T10:29:58,0,0,0,0.0,
41u8nDa9Emqir7bLpUJRvxu9Lq7EJvZVExCeDVbxenJX,-209,1768306511,2026-01-13T12:15:11,0,0,0,0.0,
9SAsB2NSGcD442d6c18YnxVLyMusUsxqSeqLaLnNdKVp,-210,1768645798,2026-01-17T10:29:58,0,0,0,0.0,
9M5Xj5ircDT3utUSzJPGf3BUtkZYaS3fKQYmrZoFyoui,-212,1768191892,2026-01-12T04:24:52,0,0,0,0.0,
5eQMz244DAqxE8wZssRmdvx96KtwQVG8Pq1hnymJ3yyc,-221,1768380045,2026-01-14T08:40:45,0,0,0,0.0,
8PtRs9UJXVw1pQrpRzvFuMvCe6xCtzfQ2ELb5UyyJFSn,-221,1768380045,2026-01-14T08:40:45,0,0,0,0.0,
AthACNGMSzi2Kbiv8SKxCSBypezNjKvR2gJAYT7UWqpn,-222,1768645798,2026-01-17T10:29:58,0,0,0,0.0,
DbZHYmm2aT4rfGx2nir5g5D5zCNiRbjSzBL7VfdWY8ZA,-224,1768645798,2026-01-17T10:29:58,0,0,0,0.0,
Epv1NKQfwQkAyFx15D4ZM3V6RXsnmUMFEQw3B5S1Eirp,-228,1768645798,2026-01-17T10:29:58,0,0,0,0.0,
bB85mL5d7hfVY4CsDkNRttaBMR7hzmcnk9RNuPpw7my,-228,1768378963,2026-01-14T08:22:43,0,0,0,0.0,
GHMbYNvLAYFQCJ2X1fBiwojjaMGmGVZw1jK6pmaiYiTY,-232,1768645798,2026-01-17T10:29:58,0,0,0,0.0,
7vfqVDpBFvDdgDu8aPLbgBYhXVi9XamFy4r58mNMJ89y,-232,1768887002,2026-01-20T05:30:02,0,0,0,0.0,
GAKjtJeQh8gkdtPzDoYZzAZS1GauEvwmHTfPT6GiAEm6,-237,1768908234,2026-01-20T11:23:54,0,0,0,0.0,
EUujHGZPPL792h2hN4AxYQbLdLrSi64g8m1M8fxBXS7F,-241,1768391581,2026-01-14T11:53:01,0,0,0,0.0,
4on4t1SF4RFesepcybMN7ZDVRZU8okgzcRa9Qn2UGpXi,-241,1768908327,2026-01-20T11:25:27,0,0,0,0.0,
46v6NtcDPZf3rGKCJ4tdtb8rAG5oGjz6j1V32zhvSivm,-241,1768908327,2026-01-20T11:25:27,0,0,0,0.0,
4r33xEKAD2cNMrC9NyJy8nb4XmruUKebZ6LZZm65PVUZ,-246,1768938123,2026-01-20T19:42:03,0,0,0,0.0,
Ceof7bUR3Nd1NHf3gSrX2WXN25kav7STDZEvaMeZZY5s,-246,1767563743,2026-01-04T21:55:43,0,0,0,0.0,
98DZzRurL9RxZ1JBgVhmtp7Fe5CmQRhNXRgWbT3qRTif,-250,1767545221,2026-01-04T16:47:01,0,0,0,0.0,
97PV6fiA5BCgNnKzmHWa1rAWokqZ58rXT3eM9LZt7mca,-258,1768380045,2026-01-14T08:40:45,0,0,0,0.0,
3JjsexPmjpcccfgXNiMzZJQVX3QYW1xKruZNSKc1vdDF,-262,1768909439,2026-01-20T11:43:59,0,0,0,0.0,
wzmdRzFqbi2DfPrDdtvafu8faBRZMKR4hWDrmcFxHC1,-270,1768953861,2026-01-21T00:04:21,0,0,0,0.0,
GtL4RPtH53SZaaPvG8Uc2PrFQNAuQwvj6zmMsqVvwMAA,-270,1768265201,2026-01-13T00:46:41,0,0,0,0.0,
EJRXonCDvBFrKor2W3nqfCuhX3bHC147ZWE5JZSM8UGf,-273,1768908327,2026-01-20T11:25:27,0,0,0,0.0,
FJgbG4afh9r2H7fFq6ywEZEUEx8XwSMnVTQWY1zjWRuQ,-273,1768908327,2026-01-20T11:25:27,0,0,0,0.0,
J86dznoLBQGvPJ4TGJowa8NsbPTkpiW2Tk9uofLb8e6r,-276,1768939629,2026-01-20T20:07:09,0,0,0,0.0,
7LfjjMgRRbrW33xPjrVmH2rK6mA6H2j1W91u9CYC4VDy,-317,1768938123,2026-01-20T19:42:03,0,0,0,0.0,
BpBMqiM5DVP8fteMFjARvUguZ1A4ZdjXZRqV1k1RQ5Xc,-365,1768397070,2026-01-14T13:24:30,0,0,0,0.0,
7PjKwRfMQ32Y9R27RBqgngk1TJGYg8qbkg713i2npNL7,-365,1768397070,2026-01-14T13:24:30,0,0,0,0.0,
DzLA9JmhdFBhRCYz1RAu5jMVAEjDBMphcs5qGdFHFymX,-368,1768590673,2026-01-16T19:11:13,0,0,0,0.0,
Cmk1KUjtEdmZpzpk68Cnji1E4G15QoJsjrNeyK58c56k,-446,1768905743,2026-01-20T10:42:23,0,0,0,0.0,
DEh5sERsVbtj2krmAZhWH7fUUji3oT5jEBKFerKxPEgc,-446,1768378532,2026-01-14T08:15:32,0,0,0,0.0,
2ywTNnyFDsEJ6y4mRQiFq3NzGNDrqaz6kNgvKJm9JJER,-539,1768308759,2026-01-13T12:52:39,0,0,0,0.0,
BRw74SrbWVBYCyjJbaHWfDgY5K8kjoeHHqDta7GdL9LQ,-539,1768308759,2026-01-13T12:52:39,0,0,0,0.0,
97jv9pjCf5D7VUZEyj6XnXBC5JF23Vsagc3bvSF6GRmL,-546,1768913603,2026-01-20T12:53:23,0,0,0,0.0,
